IncidntNum,Date,Time,X,Y
151086284,2015-12-17,15:25,-122.4411109,37.77456598
151086397,2015-12-16,19:00,-122.4274281,37.73885516
150499107,2015-06-08,2:11,-122.490793,37.75921698
141066309,2014-12-19,17:16,-122.4480431,37.78237104
150540835,2015-06-21,15:10,-122.4239188,37.78153381
140014301,2014-01-06,7:31,-122.4272063,37.78111753
140024811,2014-01-09,9:30,-122.4707285,37.76573758
140053490,2014-01-18,21:20,-122.4162686,37.75237351
140098167,2014-02-02,22:35,-122.4230312,37.78548187
140118301,2014-02-09,20:23,-122.4208672,37.72711202
140166071,2014-02-26,19:30,-122.492127,37.7629001
140220809,2014-03-15,20:15,-122.4015569,37.74096213
140222855,2014-03-16,12:19,-122.4109392,37.77921226
140223950,2014-03-16,14:50,-122.3935733,37.72697977
140274890,2014-04-02,17:00,-122.4109552,37.78413995
140270581,2014-03-29,18:00,-122.3923823,37.75002082
140149419,2014-04-23,5:00,-122.4046584,37.7329487
140411149,2014-05-16,16:20,-122.4170818,37.80614209
140447398,2014-05-29,3:30,-122.4836636,37.7801399
140360922,2014-05-07,16:00,-122.4279912,37.78495312
140433870,2014-05-02,11:25,-122.408231,37.78735949
140486142,2014-06-10,12:00,-122.420255,37.77435817
140495187,2014-06-15,1:01,-122.4018464,37.77903241
140534729,2014-07-01,10:00,-122.4228424,37.74102874
140643245,2014-08-02,21:59,-122.4197398,37.78589261
140395509,2014-05-11,16:20,-122.4063001,37.77551311
140695484,2014-08-19,14:03,-122.5053602,37.73706559
140712721,2014-08-24,23:00,-122.4749614,37.72569017
140676490,2014-08-27,16:50,-122.422517,37.79128899
140712884,2014-08-25,1:15,-122.4444413,37.78267772
140767447,2014-08-29,17:30,-122.4151853,37.73893393
140770252,2014-09-12,15:00,-122.4338505,37.79729795
140866550,2014-10-10,21:00,-122.3929409,37.7860677
140958737,2014-11-12,10:52,-122.4224073,37.77408411
140963918,2014-11-14,2:35,-122.5079343,37.7584647
140909649,2014-10-27,13:02,-122.4668619,37.75653395
140983370,2014-11-20,11:15,-122.4257682,37.7582262
140977505,2014-11-17,16:30,-122.3986025,37.71604022
140806170,2014-09-24,12:10,-122.3996176,37.78079066
140968043,2014-11-15,12:14,-122.4124143,37.7830038
140968112,2014-11-15,12:14,-122.4124143,37.7830038
141041674,2014-12-11,3:31,-122.4176128,37.77040716
141017697,2014-12-10,14:52,-122.4748555,37.76179255
141056946,2014-12-16,15:57,-122.4122242,37.78207293
141079471,2014-12-23,20:38,-122.4950953,37.75154336
141044167,2014-12-19,15:37,-122.4792937,37.74850247
140073103,2014-01-25,11:37,-122.4390659,37.74427748
140094466,2014-02-01,14:18,-122.4034048,37.77542071
140226170,2014-03-17,10:55,-122.4034048,37.77542071
140082251,2014-01-28,10:36,-122.4196766,37.7658511
140326601,2014-04-19,20:50,-122.4930412,37.77495637
140302811,2014-04-22,1:43,-122.3961407,37.78591036
140577177,2014-07-11,20:49,-122.4034048,37.77542071
140436943,2014-07-22,10:15,-122.4811832,37.74372682
140626990,2014-07-28,7:20,-122.4522897,37.72569336
140637931,2014-08-01,5:21,-122.4820612,37.78008747
140658846,2014-08-08,0:30,-122.3888857,37.73613151
140653056,2014-08-08,7:30,-122.3904625,37.79039397
140745051,2014-09-04,12:10,-122.4562164,37.78061509
140764261,2014-09-10,17:00,-122.4593107,37.77936225
140604281,2014-07-14,8:15,-122.4034048,37.77542071
140793389,2014-09-20,14:30,-122.4095367,37.78269112
140809679,2014-09-28,20:00,-122.4034048,37.77542071
140893042,2014-10-22,9:00,-122.4123984,37.73405613
140901322,2014-10-24,16:30,-122.405718,37.75170123
140967205,2014-11-15,3:55,-122.4268336,37.71687907
140931200,2014-11-03,13:49,-122.4198146,37.76584272
140976999,2014-11-18,11:28,-122.4053225,37.75369252
141023989,2014-12-04,21:00,-122.4662047,37.77254054
140920021,2014-10-29,18:00,-122.4281842,37.74768368
141070504,2014-12-21,4:25,-122.4080525,37.78156683
150795319,2015-09-10,17:05,-122.388854,37.76432288
150240154,2015-03-18,7:34,-122.4302346,37.77978243
140985536,2014-11-21,10:01,-122.4027956,37.79333328
140912880,2014-11-21,12:30,-122.4811832,37.74372682
150327025,2015-04-14,21:22,-122.421274,37.75850007
150730616,2015-08-21,11:44,-122.4176606,37.75550434
150332137,2015-04-16,14:02,-122.4073056,37.76318794
150304396,2015-04-06,14:17,-122.4065391,37.75648641
100470163,2010-05-20,22:22,-122.468975,37.78553073
120477826,2012-06-18,10:24,-122.4642799,37.7800333
110911630,2011-11-11,22:18,-122.4142634,37.78175698
60559774,2006-05-26,17:55,-122.4079344,37.71944335
120755092,2012-09-19,18:20,-122.4206917,37.79057707
50972170,2005-08-29,15:40,-122.4404583,37.72332961
81095125,2008-10-13,19:07,-122.4803087,37.72022675
120457696,2012-06-10,15:20,-122.4664427,37.76592453
71031640,2007-10-07,22:32,-122.4299941,37.72859929
90546917,2009-05-27,10:45,-122.4068136,37.75299053
60704816,2006-06-27,19:35,-122.4217376,37.75929527
91012448,2009-10-01,8:45,-122.4315786,37.77770022
40330271,2004-03-22,4:57,-122.4785796,37.7841727
30185161,2003-02-14,21:39,-122.4368632,37.77917951
120671818,2012-08-23,14:00,-122.4652404,37.76501181
40762232,2004-07-04,2:02,-122.4089536,37.78328787
110899343,2011-11-08,11:30,-122.4437545,37.78764724
60904975,2006-09-01,9:12,-122.3893692,37.74356815
80262866,2008-03-11,23:56,-122.4162938,37.77749368
70638788,2007-06-30,19:03,-122.4446701,37.75413852
70985062,2007-09-25,16:06,-122.4669764,37.78102758
90354873,2009-04-05,1:25,-122.4526085,37.78656865
120266403,2012-04-03,20:07,-122.4727117,37.71786812
30636998,2003-05-28,21:00,-122.4761644,37.75051083
70388682,2007-04-16,18:04,-122.4308834,37.76511058
60486876,2006-05-07,21:10,-122.4756475,37.72852806
80110679,2008-02-01,16:51,-122.4150887,37.78367196
60261678,2006-03-09,12:32,-122.4394691,37.77477705
60431097,2006-04-23,0:01,-122.4467207,37.71920985
120553993,2012-07-13,0:08,-122.4263374,37.79351756
51074143,2005-09-24,4:07,-122.4289097,37.78953369
90964795,2009-09-18,16:50,-122.4049344,37.78149872
120318747,2012-04-22,12:15,-122.4132595,37.78295148
70750940,2007-07-25,12:20,-122.4490836,37.71236622
130866952,2013-10-13,14:36,-122.4790352,37.74477368
90457201,2009-05-02,2:59,-122.4756443,37.74305055
50069620,2005-01-19,8:07,-122.4347315,37.71619127
90833140,2009-08-17,16:20,-122.4621413,37.78110989
50848800,2005-07-29,21:26,-122.4199363,37.79869679
60169624,2006-02-13,18:10,-122.4163897,37.76524912
50057885,2005-01-16,0:30,-122.4606523,37.72655212
70726606,2007-07-18,21:26,-122.4110714,37.78175113
81330755,2008-12-13,23:10,-122.4367966,37.74475109
130782392,2013-09-17,13:20,-122.4725704,37.71717341
120434973,2012-06-01,18:30,-122.4138696,37.78186219
70217445,2007-03-01,20:30,-122.4515429,37.77804992
130732228,2013-09-02,13:45,-122.4337451,37.75935643
60189854,2006-02-19,13:12,-122.4034048,37.77542071
100169190,2010-02-19,21:31,-122.4851493,37.7857434
61081718,2006-10-10,12:30,-122.4477283,37.72902285
120622184,2012-08-06,15:45,-122.3871677,37.73185945
60103177,2006-01-27,13:54,-122.4335751,37.76917675
41444512,2004-12-21,16:02,-122.4113542,37.7864857
41006190,2004-09-02,23:00,-122.3858357,37.73961059
100413044,2010-05-04,17:02,-122.4161757,37.72891899
100319618,2010-04-06,14:30,-122.4529745,37.77448799
80449434,2008-04-29,17:30,-122.4244127,37.76800542
51073189,2006-02-13,16:00,-122.4376985,37.79963284
90636295,2009-06-21,21:34,-122.390417,37.73559261
31357232,2003-11-19,9:50,-122.4182742,37.7870372
91017523,2009-10-02,15:20,-122.4046584,37.7329487
71133854,2007-11-04,22:18,-122.4262284,37.76303129
30418326,2003-10-14,16:30,-122.4756475,37.72852806
60295752,2006-03-18,13:22,-122.3655654,37.8096707
81309841,2008-12-08,11:48,-122.3826906,37.72742614
81175363,2008-11-03,2:12,-122.4142587,37.77197237
40175782,2004-02-13,0:02,-122.4150005,37.762099
130474771,2013-06-09,14:15,-122.4725704,37.71717341
130976040,2013-11-17,23:21,-122.4198887,37.74559561
40748969,2004-07-01,9:26,-122.413443,37.76224814
100937890,2010-10-08,22:58,-122.4991819,37.7718841
120967344,2012-11-30,12:33,-122.4070043,37.77004911
60243676,2006-03-04,17:13,-122.4085974,37.78922421
31435894,2003-12-09,21:56,-122.4169389,37.79194934
60942680,2006-09-04,8:44,-122.4300064,37.77402073
91170115,2009-11-12,8:00,-122.4779397,37.75883112
70664329,2007-07-02,2:00,-122.4140273,37.77186362
51042645,2005-09-16,12:00,-122.3934464,37.76398371
90953516,2009-09-15,22:11,-122.4232272,37.79481735
30177851,2003-02-12,9:21,-122.4466072,37.72072313
30201165,2003-02-19,6:00,-122.4224802,37.74676575
90564022,2009-06-01,12:40,-122.4333301,37.7150529
51265251,2005-11-09,2:19,-122.3881127,37.72766899
70238178,2007-03-07,9:08,-122.4389633,37.78920672
130061497,2012-09-16,0:01,-122.4282851,37.7399317
130888138,2013-10-20,2:08,-122.4178034,37.76840431
80894522,2008-08-24,19:56,-122.4241093,37.78247564
50831805,2005-07-25,23:33,-122.4375321,37.76668932
70719899,2007-07-17,11:47,-122.482481,37.7633237
50982862,2005-08-31,19:56,-122.4754068,37.73932415
50369743,2005-04-04,12:00,-122.3989809,37.78620956
90788733,2009-08-03,20:37,-122.4049836,37.79578634
50963555,2005-08-27,10:35,-122.4302346,37.77978243
50478526,2005-04-30,0:09,-122.4034048,37.77542071
110236212,2011-03-22,13:45,-122.4058668,37.77577572
100771795,2010-08-22,12:57,-122.485187,37.71296692
60171942,2006-02-14,11:17,-122.4186097,37.74744531
80814558,2008-08-02,22:25,-122.435797,37.76905787
100659135,2010-07-18,18:41,-122.4411554,37.79162915
60167844,2006-02-13,12:05,-122.4034048,37.77542071
30089137,2003-01-22,19:00,-122.5059233,37.76133993
40904105,2004-08-09,3:29,-122.4220627,37.78992
60304444,2006-03-20,22:47,-122.5002204,37.71895417
110303639,2011-04-14,11:32,-122.4108296,37.73473317
60534641,2006-05-20,4:35,-122.3951632,37.7843097
60372156,2006-04-07,11:30,-122.4184482,37.75223917
91093222,2009-10-23,5:00,-122.4586802,37.74815547
91310866,2009-12-25,22:21,-122.4847317,37.78009171
61064946,2006-10-05,21:43,-122.4278224,37.77578667
120177270,2012-03-03,1:10,-122.4020277,37.78624835
90158766,2009-02-12,22:50,-122.4290689,37.78999681
30105664,2003-01-26,18:12,-122.4014842,37.75263998
80990772,2008-09-18,9:23,-122.4186097,37.74744531
71196250,2007-11-21,22:06,-122.3827051,37.73588581
110677092,2011-08-23,18:15,-122.3834339,37.72973814
80736190,2008-07-08,10:00,-122.417477,37.76435775
60383943,2006-04-10,12:40,-122.4503952,37.75382362
120196521,2012-03-09,16:00,-122.4321428,37.78049558
31503576,2003-12-28,22:50,-122.4127841,37.78486569
80503808,2008-05-14,7:39,-122.435942,37.79506468
90983024,2009-09-22,12:15,-122.4522897,37.72569336
100180328,2010-02-23,13:45,-122.4612085,37.72495025
130360841,2013-05-03,22:50,-122.4067253,37.75856417
70711754,2007-07-15,6:00,-122.4023909,37.72189584
90843161,2009-08-18,9:50,-122.4522897,37.72569336
30781399,2003-06-23,12:00,-122.4388637,37.75543212
60152710,2006-02-09,13:40,-122.4054759,37.79801807
60746062,2006-07-15,19:31,-122.4052029,37.71182741
90181400,2009-02-19,11:49,-122.4235452,37.77967201
60790188,2006-07-26,11:46,-122.4195604,37.75217161
70534879,2007-05-26,2:20,-122.386775,37.76537752
81034117,2008-09-28,22:11,-122.4798177,37.75596541
110470993,2011-06-11,14:38,-122.4220201,37.76701047
120615797,2012-08-04,10:05,-122.4847317,37.78009171
111012605,2011-12-19,11:36,-122.4095043,37.78152627
81333884,2008-12-15,5:58,-122.46913,37.75830357
100283104,2010-03-26,2:11,-122.4067754,37.78849829
110677901,2011-08-24,1:15,-122.4086542,37.75276923
51192676,2005-10-22,4:37,-122.4852263,37.71469453
70536671,2007-05-27,9:09,-122.3934803,37.76210779
60845034,2006-08-08,11:35,-122.389983,37.72872953
60685426,2006-06-28,14:46,-122.3789208,37.72861197
80446082,2008-04-28,21:14,-122.4389633,37.78920672
100999367,2010-10-27,16:53,-122.4871494,37.78378409
100742423,2010-08-13,0:01,-122.3871445,37.74129822
120453826,2012-06-08,20:15,-122.4100535,37.79672826
70416835,2007-04-23,19:00,-122.4195604,37.75217161
81105122,2008-10-16,8:17,-122.4752222,37.72105715
80849458,2008-08-13,3:00,-122.3768501,37.74019357
81351892,2008-12-19,20:47,-122.4050969,37.74911001
131064573,2013-12-19,3:20,-122.3877793,37.72794231
100619991,2010-07-06,14:00,-122.4180039,37.78139384
70939809,2007-09-13,16:31,-122.4173601,37.75230632
91033961,2009-10-06,19:52,-122.4459043,37.77299537
80130649,2008-02-06,20:10,-122.4032771,37.72703923
90932247,2009-09-10,8:50,-122.4495569,37.72295982
30014463,2003-01-04,13:42,-122.4042718,37.787808
130190886,2013-03-06,16:02,-122.4558426,37.77993997
30945987,2003-08-11,0:02,-122.402868,37.74947839
70765864,2007-07-29,6:20,-122.3906139,37.72334828
40107569,2004-01-27,15:35,-122.4725887,37.78444614
110191393,2011-03-06,15:14,-122.4843936,37.75207622
130304877,2013-04-15,12:11,-122.4107742,37.80843502
51337941,2005-11-27,18:04,-122.406948,37.75936727
40982311,2004-09-22,11:30,-122.4625272,37.71418936
81313660,2008-12-09,11:26,-122.4522897,37.72569336
130023431,2013-01-10,11:12,-122.4092477,37.78139873
81020401,2008-09-25,13:45,-122.475003,37.72491208
30611605,2003-05-19,14:30,-122.3907008,37.76292531
90451087,2009-04-30,13:46,-122.3925957,37.75281284
90413918,2009-04-22,17:55,-122.4217477,37.76274366
100836587,2010-09-10,8:02,-122.4524282,37.72571725
60473027,2006-05-03,22:00,-122.4034048,37.77542071
120000201,2012-01-01,1:00,-122.4064387,37.79783821
110251674,2011-03-27,19:50,-122.4015903,37.75456982
50292138,2005-03-15,14:20,-122.4077673,37.74842403
60567664,2006-05-29,8:30,-122.4084074,37.79914233
90913532,2009-09-05,9:52,-122.3933572,37.77578762
91202592,2009-11-22,15:00,-122.4199195,37.80764035
90842038,2009-08-17,22:32,-122.4587337,37.7793316
31115654,2003-09-22,15:30,-122.4338505,37.79729795
120033688,2012-01-12,20:43,-122.4069271,37.73711128
80009555,2008-01-03,14:12,-122.4065391,37.75648641
110169118,2011-02-26,20:55,-122.3869859,37.72892041
70912996,2007-09-06,16:00,-122.4034048,37.77542071
91284857,2009-12-17,15:53,-122.4359594,37.75922119
90515053,2009-05-31,19:04,-122.4179993,37.78564075
71094400,2007-10-25,7:30,-122.4088055,37.76316899
121023006,2012-12-20,4:08,-122.4203035,37.77089689
30239401,2003-02-26,17:00,-122.4230172,37.76081833
130397678,2013-05-14,9:45,-122.4234131,37.79573711
30920622,2003-08-03,13:30,-122.4263374,37.79351756
81297644,2008-07-24,16:17,-122.3918456,37.77812478
61218717,2006-11-15,10:13,-122.4513601,37.77517416
120833507,2012-10-16,21:42,-122.4217625,37.78754901
30094409,2003-01-23,23:55,-122.4072946,37.77717814
41439488,2004-12-20,12:10,-122.4361771,37.71420894
70737459,2007-07-21,19:00,-122.3799327,37.73338153
31087558,2003-09-15,9:29,-122.4065391,37.75648641
70047327,2007-01-13,20:40,-122.4080113,37.76924445
30719641,2003-06-15,0:06,-122.4027011,37.74633587
110808902,2011-10-07,11:00,-122.4157547,37.79120677
31422108,2003-12-06,1:40,-122.3917271,37.76285148
110737997,2011-09-13,17:44,-122.4181236,37.73989331
80328979,2008-03-29,11:20,-122.4211185,37.75690115
100326710,2010-04-08,16:50,-122.3894213,37.72935385
60612714,2006-06-09,17:46,-122.4034048,37.77542071
31087144,2003-09-14,22:15,-122.4422597,37.76421945
91044485,2009-10-09,8:00,-122.4586802,37.74815547
91190373,2009-11-19,4:57,-122.4411784,37.80018817
90865836,2009-08-23,21:00,-122.4035389,37.74811882
60054962,2006-01-14,23:30,-122.4318099,37.79750148
90021549,2009-01-07,8:24,-122.4026243,37.73928672
71196404,2007-11-21,22:59,-122.4108934,37.80315075
31173975,2003-10-06,2:12,-122.3906976,37.73479699
71255828,2007-12-08,9:38,-122.4109627,37.75268492
31446744,2003-12-12,14:00,-122.3933191,37.71120843
100676101,2010-07-24,1:14,-122.3836798,37.72792085
80475570,2008-05-06,15:56,-122.4301831,37.72986053
60371039,2006-04-07,2:03,-122.4142355,37.73885177
90114934,2009-02-01,1:39,-122.4038645,37.79822264
50603325,2005-05-30,13:38,-122.4952689,37.7385039
110736080,2011-09-13,0:30,-122.4372356,37.77220419
130573759,2013-09-06,23:00,-122.4217477,37.76274366
80375431,2008-04-10,19:23,-122.4286683,37.72853384
50915976,2005-08-15,23:10,-122.4096527,37.79649145
41386544,2004-12-06,15:33,-122.4034048,37.77542071
100229885,2010-03-10,15:06,-122.4720553,37.72682391
40009915,2004-01-03,23:15,-122.4641737,37.76413015
130862916,2013-10-12,1:42,-122.3997668,37.71418095
130071048,2013-01-25,17:20,-122.4778989,37.77472912
91070690,2009-10-17,2:09,-122.4020702,37.78871987
100249162,2010-03-16,8:50,-122.426391,37.73367492
70877500,2007-08-28,20:35,-122.4546169,37.71998202
70416976,2007-03-26,16:26,-122.3909717,37.73401522
80783129,2008-07-25,17:02,-122.3918456,37.77812478
91080166,2009-10-19,23:09,-122.442744,37.75117752
80966654,2008-09-12,2:01,-122.3934117,37.7202363
80097732,2008-01-28,16:33,-122.417803,37.75628222
50604248,2005-05-30,17:31,-122.4590236,37.7131719
51315856,2005-11-10,20:00,-122.4137479,37.79795553
70171299,2007-02-16,12:00,-122.3878473,37.74312273
30022905,2003-01-06,18:11,-122.382889,37.73034294
80385634,2008-04-13,14:00,-122.482481,37.7633237
70786133,2007-08-03,14:26,-122.4178034,37.76840431
70656473,2007-06-28,18:45,-122.4318307,37.7956417
30854322,2003-07-18,16:00,-122.3912434,37.7336342
51114608,2005-10-03,17:28,-122.4190858,37.77843533
80769624,2008-07-22,13:55,-122.4007846,37.72361678
130627378,2013-07-30,12:00,-122.4200841,37.70831097
40203258,2004-02-20,2:14,-122.4340635,37.76254864
91328546,2009-12-30,13:00,-122.4087875,37.79015782
31344499,2003-11-16,19:00,-122.4026046,37.72257378
80184351,2008-02-15,11:02,-122.5043306,37.75301011
81300689,2008-11-05,19:30,-122.485022,37.72846559
100099519,2010-01-30,15:06,-122.5036084,37.77260079
120981639,2012-12-05,15:04,-122.3963563,37.77465164
130493373,2013-06-15,20:00,-122.4163946,37.7397324
120721479,2012-09-09,0:37,-122.4612283,37.71823084
40054324,2004-01-14,9:30,-122.41394,37.73893219
71249069,2007-12-06,13:08,-122.4069776,37.7899181
110362726,2011-05-04,22:12,-122.4300187,37.76683052
91247203,2009-12-06,1:33,-122.4629641,37.78493568
110601342,2011-07-26,18:55,-122.4215693,37.76088159
31446556,2003-12-12,10:54,-122.4050105,37.72051041
61061657,2006-10-05,0:02,-122.4369101,37.79985281
90405482,2009-04-18,14:30,-122.4079367,37.76451169
30959176,2003-08-14,3:35,-122.4352859,37.75197019
90840571,2009-08-17,14:42,-122.4124143,37.7830038
70562046,2007-06-03,16:23,-122.4764228,37.75424236
90902187,2009-09-02,8:24,-122.4712462,37.71274822
100337115,2010-04-11,22:30,-122.4718827,37.73009294
81180306,2008-11-04,10:30,-122.4034048,37.77542071
40087212,2004-01-22,19:15,-122.4098207,37.80508166
90721824,2009-07-15,19:55,-122.4128304,37.75014951
130967992,2013-11-15,7:45,-122.4007846,37.72361678
120099339,2012-02-05,0:55,-122.4546368,37.77476002
110851600,2011-10-21,20:56,-122.3960102,37.74726229
100480162,2010-05-24,11:30,-122.3964219,37.79414474
31440263,2003-12-11,1:20,-122.4372356,37.77220419
110311717,2011-04-16,23:39,-122.3893106,37.73874184
120199359,2012-03-10,15:25,-122.4558153,37.71122268
90255306,2009-03-10,22:35,-122.5012026,37.77735481
51030888,2005-09-13,13:50,-122.4213053,37.73216388
70689781,2007-07-09,15:16,-122.3898656,37.73716994
51055165,2005-09-19,18:12,-122.4074559,37.71137317
90733528,2009-07-19,2:40,-122.4069587,37.78943476
31489205,2003-12-23,21:47,-122.4359772,37.72312883
130990874,2013-11-22,6:50,-122.4358795,37.77805335
60784006,2006-07-24,14:30,-122.4893228,37.7536737
21486421,2003-06-05,22:00,-122.4034048,37.77542071
70287686,2007-03-20,2:00,-122.4218864,37.76491789
40265173,2004-03-06,6:00,-122.417108,37.71225618
40888054,2004-08-08,21:27,-122.4155778,37.76959145
110057319,2011-01-19,12:03,-122.4122242,37.78207293
90005101,2009-01-02,12:42,-122.4725704,37.71717341
40954514,2004-08-21,8:46,-122.4775053,37.77656428
80664165,2008-06-25,0:01,-122.4336066,37.72200031
40185907,2004-02-15,21:05,-122.3932329,37.72773515
60858429,2006-08-13,16:35,-122.4265159,37.7943964
31492797,2003-12-25,1:55,-122.442512,37.71631009
101163428,2010-12-18,16:16,-122.4269357,37.75821124
80945915,2008-09-09,13:00,-122.3933683,37.76020426
131021749,2013-12-03,22:12,-122.4087875,37.79015782
90166424,2009-02-15,4:00,-122.4189184,37.78594073
30970746,2003-08-17,2:15,-122.4136096,37.80561888
31448295,2003-12-12,23:54,-122.4195157,37.76342923
51150113,2005-10-12,2:27,-122.4246887,37.78533396
80745743,2008-07-16,14:51,-122.4661808,37.76217382
50167490,2005-02-12,10:50,-122.4224673,37.78268373
100895301,2010-09-26,15:35,-122.4426497,37.79899925
90562822,2009-05-31,23:06,-122.4312069,37.78456812
40968935,2004-08-25,0:27,-122.4773091,37.76544607
80870055,2008-08-18,12:43,-122.4522427,37.77122868
80559710,2008-05-28,14:15,-122.4035389,37.74811882
90871899,2009-08-26,16:43,-122.4205298,37.71100233
90438615,2009-04-27,11:04,-122.3921844,37.74510153
100257018,2010-03-18,9:00,-122.5091976,37.75932469
60087690,2006-01-23,19:00,-122.3914318,37.73528424
91093313,2009-10-15,10:00,-122.4586802,37.74815547
40724408,2004-06-25,6:15,-122.4257687,37.80315403
90162529,2009-02-14,0:46,-122.4262461,37.78883457
130262833,2013-06-12,21:57,-122.3962112,37.79076136
40808610,2004-07-31,18:00,-122.4264794,37.75336075
80254227,2008-03-10,23:52,-122.4034048,37.77542071
90962686,2009-09-18,7:40,-122.4374632,37.80640235
90824804,2009-08-13,12:15,-122.4167848,37.76365816
110880574,2011-10-31,23:42,-122.4217477,37.76274366
70675241,2007-06-22,12:00,-122.407435,37.78751587
80285040,2008-03-17,17:00,-122.4065746,37.73214308
120338096,2012-04-28,19:30,-122.4017237,37.76613217
120448435,2012-06-29,13:00,-122.3749309,37.72966226
90133752,2009-02-06,7:30,-122.390548,37.72809966
40700317,2004-06-19,1:04,-122.4581899,37.72431647
31429659,2003-12-08,12:55,-122.471721,37.71402282
80207969,2008-02-27,10:30,-122.4522897,37.72569336
60876211,2006-08-17,0:12,-122.4101571,37.78429738
51012450,2005-09-08,14:50,-122.4034048,37.77542071
90388866,2009-04-14,9:25,-122.4797509,37.71957192
50330932,2005-03-24,22:20,-122.3935263,37.7373529
100016660,2010-01-06,7:28,-122.4121992,37.75583206
100909388,2010-09-30,13:40,-122.4750159,37.74869236
80057833,2008-01-17,4:30,-122.3940518,37.7461648
110656789,2011-08-14,15:00,-122.4581835,37.72183882
81001774,2008-09-21,0:01,-122.4100727,37.75352863
50134530,2005-02-02,16:30,-122.4783055,37.78038102
80701632,2008-07-06,3:15,-122.4127841,37.78486569
50780321,2005-07-13,0:06,-122.4192082,37.76023408
80782717,2008-07-25,16:47,-122.417904,37.78516709
70024579,2007-01-07,19:40,-122.4469059,37.76952331
70853334,2007-08-21,20:45,-122.4488655,37.73154176
90396289,2009-04-16,1:59,-122.4164579,37.73905608
110292684,2011-04-12,16:30,-122.4034048,37.77542071
100609481,2010-07-02,22:27,-122.4034048,37.77542071
51191656,2005-10-21,20:06,-122.4026036,37.72523557
70017289,2007-01-05,8:35,-122.4044602,37.77443142
100631246,2010-07-10,1:00,-122.447657,37.79124583
130020352,2013-01-08,11:45,-122.4028427,37.77982942
60825622,2006-08-05,15:00,-122.4034048,37.77542071
60888937,2006-08-21,14:42,-122.4222867,37.74200412
50172966,2005-02-13,15:25,-122.4126011,37.74837696
91190618,2009-11-19,8:17,-122.4674893,37.78087792
120240087,2012-03-24,16:30,-122.4113284,37.78599631
80383393,2008-04-13,9:15,-122.4210891,37.73745709
130193307,2013-03-07,12:45,-122.4087106,37.78097067
130558795,2013-08-13,11:00,-122.4034048,37.77542071
120163928,2012-02-27,16:35,-122.4586802,37.74815547
100249059,2010-03-16,7:43,-122.4033755,37.77671407
30174512,2003-02-11,14:00,-122.4227475,37.73234284
120839408,2012-10-18,15:10,-122.4195061,37.74618419
90964494,2009-09-15,17:25,-122.4356542,37.7975553
91005039,2009-09-29,9:00,-122.4522897,37.72569336
80402294,2008-04-17,16:55,-122.4230909,37.80248976
70536461,2007-05-26,23:15,-122.4261754,37.73690837
60402656,2006-04-14,11:50,-122.4467262,37.77294519
110305221,2011-04-14,19:45,-122.4350029,37.76088781
130353090,2013-04-30,13:49,-122.444563,37.71607882
80980193,2008-09-15,14:25,-122.4136811,37.77712149
80832306,2008-08-07,20:00,-122.5050887,37.77817768
51455850,2005-12-28,23:15,-122.4575595,37.71236239
70763987,2007-07-28,15:20,-122.409017,37.79948807
120962902,2012-11-28,21:25,-122.4335926,37.75775198
131096770,2013-12-30,23:57,-122.4149272,37.77352398
81161425,2008-10-30,23:35,-122.3923823,37.75002082
60325876,2006-03-26,13:06,-122.4351877,37.76267028
30463014,2003-04-20,9:30,-122.4035644,37.74776131
80552037,2008-05-26,15:55,-122.4717969,37.7310311
51168990,2005-10-16,19:06,-122.4056103,37.73243887
71004556,2007-09-30,16:25,-122.4804976,37.75031996
40450283,2004-04-20,12:30,-122.4189687,37.73220831
51301429,2005-11-17,18:40,-122.4200102,37.77010993
40468189,2004-04-24,10:20,-122.4176479,37.76680538
71272208,2007-12-12,17:02,-122.3950984,37.72130309
90290493,2009-03-19,17:16,-122.4723114,37.78065451
61228136,2006-11-18,3:18,-122.4065391,37.75648641
80169074,2008-02-16,22:44,-122.4378041,37.71494034
71185510,2007-11-19,5:19,-122.4617367,37.73002334
50454059,2005-04-24,12:51,-122.3843577,37.73249964
70955996,2007-09-17,20:36,-122.3937392,37.72140909
80510461,2008-05-15,17:52,-122.3945915,37.72472741
100404441,2010-05-02,10:00,-122.4105346,37.80061562
90150847,2009-02-10,20:11,-122.4639145,37.75945081
110981310,2011-12-07,18:00,-122.3879274,37.74270308
90413247,2009-04-20,17:55,-122.3655654,37.8096707
60137182,2006-02-05,17:43,-122.5006139,37.73826995
80674697,2008-06-28,1:53,-122.5008744,37.74187922
50294980,2005-03-15,21:00,-122.4073422,37.79129645
90326656,2009-03-28,0:01,-122.4168291,37.7881787
70666096,2007-07-02,18:54,-122.4162686,37.75237351
30913520,2003-08-04,19:23,-122.3856841,37.72723267
30409955,2003-04-08,2:24,-122.4642812,37.78101932
90993932,2009-09-26,1:47,-122.3868903,37.76543828
70513265,2007-05-17,13:19,-122.4034048,37.77542071
71169304,2007-11-14,15:48,-122.4622129,37.72526591
90656817,2009-06-27,19:09,-122.4212874,37.7488499
120020077,2012-01-13,6:00,-122.4217477,37.76274366
80477372,2008-05-07,8:57,-122.4020437,37.73465007
120593234,2012-07-27,16:00,-122.4671023,37.78277054
90376485,2009-04-10,19:12,-122.4027126,37.78325965
80132156,2008-02-06,23:30,-122.4613855,37.70877087
80362018,2008-04-07,10:50,-122.4024094,37.79145153
100414456,2010-05-05,1:00,-122.479385,37.77284444
61135882,2006-10-24,16:35,-122.4064017,37.78661446
120132309,2012-02-16,14:18,-122.492547,37.75353133
51168865,2005-10-16,17:39,-122.4540935,37.7200388
91300964,2009-12-21,20:00,-122.414243,37.78372403
70574176,2007-06-15,17:00,-122.4034048,37.77542071
70562563,2007-06-03,19:47,-122.4013278,37.76229014
80549482,2008-05-25,22:23,-122.3931187,37.74090297
51140982,2005-10-09,23:47,-122.4332784,37.79447251
80370340,2008-04-09,14:54,-122.4752222,37.72105715
20921668,2005-12-12,13:00,-122.4034048,37.77542071
40083602,2004-01-21,23:02,-122.4417273,37.78596657
90726614,2009-07-17,0:03,-122.417904,37.78516709
81318626,2008-12-10,15:13,-122.4462856,37.77487073
110211292,2011-03-13,19:14,-122.434229,37.76348501
61342883,2006-12-19,8:58,-122.4391384,37.79008011
70473744,2007-05-09,13:10,-122.3956354,37.75356457
50920981,2005-08-17,8:24,-122.4175307,37.78331075
90430508,2009-04-24,22:16,-122.4700456,37.78643625
60167571,2006-02-13,11:42,-122.4191831,37.78309982
70064315,2007-01-18,14:12,-122.4781919,37.76351388
120030941,2012-01-12,5:00,-122.4217477,37.76274366
70554231,2007-06-01,8:47,-122.4023348,37.74619584
60254316,2006-03-07,17:13,-122.4034048,37.77542071
71023697,2007-10-05,12:15,-122.4163868,37.79009348
80869183,2008-08-18,8:50,-122.4523301,37.72307871
90376849,2009-04-11,21:44,-122.4125974,37.78393203
100529390,2010-06-08,0:48,-122.4250512,37.74224185
120869110,2012-10-28,10:08,-122.502341,37.74091678
71122283,2007-11-01,17:50,-122.3936227,37.78307912
41095488,2004-09-24,12:00,-122.4228408,37.78454554
51245952,2005-11-04,0:21,-122.4896204,37.74243631
121013427,2012-12-16,18:52,-122.4404162,37.71724599
40248812,2004-03-02,15:30,-122.4586802,37.74815547
31312775,2003-11-07,22:26,-122.4189042,37.75703611
130575921,2013-07-13,12:55,-122.3879274,37.74270308
130493141,2013-06-15,18:12,-122.4162947,37.79389271
80039182,2008-01-11,23:23,-122.5102257,37.76724422
80472548,2008-05-05,20:57,-122.4123984,37.73405613
81322451,2008-12-11,15:17,-122.414089,37.75250508
31430537,2003-12-09,14:30,-122.4362992,37.75115335
91014256,2009-10-01,16:49,-122.4445702,37.7127851
60445991,2006-08-15,17:30,-122.4642799,37.7800333
91255331,2009-12-08,14:19,-122.4140563,37.78279311
60814534,2006-07-31,12:00,-122.492068,37.71436155
110995612,2011-12-13,9:00,-122.4786137,37.75414516
110726780,2011-09-09,23:02,-122.4766845,37.75796834
100026380,2010-01-08,18:36,-122.4685821,37.76582839
110779046,2011-09-27,12:20,-122.426893,37.74609934
100836117,2010-09-09,23:34,-122.4032462,37.7879269
80254744,2008-03-10,7:54,-122.4931152,37.78657868
110983021,2011-12-08,13:21,-122.4020634,37.74939799
40153829,2004-02-08,2:36,-122.405619,37.77850452
81314856,2008-12-09,15:21,-122.3957719,37.75729278
130186512,2013-03-05,9:40,-122.4368514,37.7703426
101120490,2010-12-04,21:29,-122.4713729,37.77502523
40700000,2004-06-18,13:45,-122.4094999,37.78528427
51245225,2005-11-03,18:05,-122.4175446,37.76575225
90697338,2009-07-09,11:48,-122.4399591,37.7140912
71105938,2007-10-28,12:50,-122.3875015,37.71687865
81286512,2008-11-29,11:00,-122.4335751,37.76917675
51103184,2005-10-01,17:16,-122.4421955,37.78405419
81278218,2009-03-06,12:00,-122.4105271,37.7575403
90650609,2009-06-25,21:59,-122.4362047,37.79226268
50426791,2005-04-17,22:16,-122.3920742,37.73085504
30605078,2003-05-18,0:47,-122.4777661,37.77286068
120016167,2012-01-06,18:42,-122.4198146,37.76584272
110702495,2010-06-23,9:15,-122.4147438,37.77871926
31385233,2003-11-26,9:06,-122.4216445,37.74299701
60310231,2006-03-22,11:49,-122.4056673,37.7424862
31398195,2003-11-30,0:50,-122.475102,37.73462371
80229985,2008-03-03,17:53,-122.45902,37.78444589
71202471,2007-11-24,6:00,-122.4010559,37.7985811
91257967,2009-12-09,9:45,-122.4522897,37.72569336
90942230,2009-09-13,1:57,-122.398862,37.800781
51331266,2005-11-25,21:13,-122.41501,37.80836982
70534283,2007-06-11,16:00,-122.4097917,37.79850835
130782621,2013-09-17,14:35,-122.4149005,37.78274196
90416241,2009-04-21,12:35,-122.3970372,37.74901142
40673231,2004-06-12,15:55,-122.4312069,37.78456812
70134009,2007-02-06,11:22,-122.4726279,37.78631341
60923555,2006-08-30,7:20,-122.4118363,37.79896754
80391261,2008-04-14,21:18,-122.4153138,37.75321727
120356662,2012-05-16,13:55,-122.4032275,37.74946435
60590869,2006-06-04,9:55,-122.4489903,37.78927461
71157741,2007-11-11,11:30,-122.4084039,37.78829339
40125442,2004-01-31,19:35,-122.4104888,37.76560586
130179818,2013-03-02,23:00,-122.4861503,37.7341094
61271191,2006-11-30,11:00,-122.4034048,37.77542071
60641860,2006-06-17,4:11,-122.4131609,37.77745666
100661691,2010-07-19,15:10,-122.4586802,37.74815547
100219591,2010-03-07,15:45,-122.4034048,37.77542071
81000920,2008-09-20,18:20,-122.4113284,37.78599631
90895720,2009-08-31,15:05,-122.3936214,37.75248687
70942636,2007-09-14,13:00,-122.4239463,37.74064538
60035473,2006-01-10,9:32,-122.4217338,37.76329969
71030482,2007-10-07,16:36,-122.4336858,37.79684999
90868410,2009-08-24,15:48,-122.4165835,37.77865915
50250807,2005-03-05,8:50,-122.4333052,37.79497259
90056552,2009-01-16,12:35,-122.4093131,37.78434785
110395012,2011-05-16,12:30,-122.4069795,37.73956696
71196620,2007-11-22,1:25,-122.4191235,37.74677552
91168518,2009-11-12,23:50,-122.442524,37.75238043
90694209,2009-07-08,12:50,-122.3964219,37.79414474
90055554,2009-01-16,8:20,-122.4300273,37.72239688
100625186,2010-07-07,23:35,-122.4215502,37.76213072
120844758,2012-10-20,6:30,-122.4064017,37.78661446
40090522,2004-01-23,14:45,-122.4661968,37.71428028
41029669,2004-06-02,15:55,-122.3969624,37.79634787
120064100,2012-01-24,2:01,-122.4181243,37.76109012
80490073,2008-05-10,13:38,-122.4989265,37.77558698
30091972,2003-01-23,23:26,-122.4937709,37.74129949
130680586,2013-08-16,15:00,-122.395986,37.77883482
70386686,2007-04-16,10:00,-122.4306303,37.77303775
90948404,2009-09-29,22:35,-122.4671232,37.7602627
80308670,2008-03-24,11:20,-122.4248295,37.77372136
61373468,2006-12-28,21:15,-122.3939059,37.73378954
90359920,2009-04-06,14:10,-122.4220162,37.78459433
61278987,2006-12-01,21:44,-122.4428812,37.77908479
90930768,2009-09-09,21:54,-122.4898047,37.77089178
80519366,2008-05-18,3:06,-122.4411899,37.7558915
30548268,2003-05-06,15:00,-122.4202505,37.78007457
120623734,2012-08-07,6:49,-122.4766845,37.75796834
130467061,2013-06-06,17:40,-122.5028698,37.74746133
130863550,2013-10-12,9:27,-122.4319796,37.78004785
100590454,2010-06-27,3:39,-122.4394146,37.76142511
111017423,2011-12-20,20:20,-122.4164461,37.73291625
81070020,2008-10-07,16:18,-122.5008283,37.76440364
90163652,2009-02-14,10:55,-122.4991055,37.76264748
30998839,2003-08-23,20:29,-122.472389,37.71750105
71306120,2007-12-21,23:30,-122.4066748,37.73713151
101053261,2010-11-15,12:26,-122.4756443,37.74305055
71102194,2007-11-03,9:40,-122.4694476,37.75540962
80023395,2008-01-07,17:38,-122.4663097,37.76403685
40788272,2004-07-11,3:11,-122.4211494,37.77615931
120104530,2012-02-06,21:11,-122.4712672,37.78082724
100042308,2010-01-13,16:31,-122.4032592,37.74192629
31399068,2003-11-30,12:00,-122.414089,37.75250508
50840260,2005-07-27,20:55,-122.4112686,37.78225009
130559351,2013-07-11,13:00,-122.4034048,37.77542071
60027088,2006-01-07,23:15,-122.4145276,37.771405
60822634,2006-08-04,0:20,-122.4089834,37.75198704
40154786,2004-02-08,12:09,-122.4087064,37.74835388
81282645,2008-12-01,12:40,-122.432707,37.78329094
90870073,2009-08-25,0:03,-122.4485785,37.76979772
71047380,2007-10-11,20:22,-122.4208746,37.79149431
71178684,2007-11-17,3:10,-122.4080525,37.78156683
70752902,2007-07-25,19:40,-122.4223886,37.76483195
31263861,2003-10-26,10:30,-122.4850737,37.72399838
81056058,2008-10-04,0:36,-122.4300484,37.80351606
130182899,2013-03-04,7:57,-122.4084039,37.78829339
91089196,2009-10-22,12:40,-122.4207551,37.77201822
50280688,2005-03-12,11:00,-122.421407,37.79414189
70993758,2007-09-26,22:00,-122.4522897,37.72569336
80155073,2008-02-11,8:30,-122.4522897,37.72569336
80718217,2008-07-09,17:41,-122.3929409,37.7860677
100304948,2010-03-31,13:50,-122.4062077,37.75235684
71207948,2007-11-25,15:30,-122.4205641,37.80665678
60906335,2006-08-25,16:30,-122.4349948,37.76006971
70613611,2007-06-18,2:42,-122.3898637,37.73758611
60533364,2006-05-19,17:25,-122.4426497,37.79899925
30793059,2003-07-02,23:30,-122.4034048,37.77542071
51076826,2005-07-24,22:53,-122.4734426,37.75589981
90956253,2009-09-16,15:50,-122.4473145,37.77187606
80525266,2008-05-19,17:56,-122.3956223,37.72243362
120332656,2012-04-27,3:20,-122.4182219,37.74816641
71019765,2007-10-04,13:00,-122.4335978,37.77935373
41326750,2004-11-20,17:50,-122.4447423,37.71262293
40605745,2004-05-26,19:20,-122.4464727,37.77580159
130301522,2013-04-13,8:05,-122.4994108,37.73633869
110795111,2011-10-02,16:31,-122.4076149,37.77648727
100357602,2010-04-17,23:55,-122.4533273,37.79013693
50493803,2005-05-04,0:02,-122.4042702,37.78447885
61295577,2006-12-06,12:56,-122.4069795,37.73956696
51016264,2005-09-09,13:47,-122.4111807,37.80163565
120176783,2012-03-02,22:07,-122.4760317,37.74864512
31031903,2003-09-01,3:09,-122.4669507,37.77334929
70718471,2007-07-16,23:30,-122.4583729,37.77430795
30366399,2003-04-03,16:00,-122.4034048,37.77542071
71147708,2007-11-08,15:20,-122.4204973,37.78961882
100053888,2010-01-18,15:50,-122.4642799,37.7800333
90761739,2009-07-27,12:00,-122.3991748,37.7469781
60533756,2006-05-19,20:18,-122.4717969,37.7310311
80998613,2008-10-07,11:30,-122.4034048,37.77542071
130915656,2013-10-28,18:40,-122.4155778,37.76959145
80735863,2008-07-14,8:10,-122.4026877,37.76607541
50839445,2005-07-27,18:13,-122.4529179,37.77025862
110870791,2011-10-29,18:35,-122.4095299,37.76571844
30126660,2003-01-31,0:35,-122.4699096,37.7845706
40877530,2004-08-02,15:52,-122.4095299,37.76571844
70105094,2007-01-29,17:12,-122.4551366,37.7236722
51337236,2005-11-27,15:02,-122.4351877,37.76267028
110769702,2011-09-24,7:17,-122.4022101,37.72810422
120355686,2012-05-04,22:19,-122.4050969,37.74911001
80400771,2008-04-17,10:56,-122.4693879,37.71341992
91095187,2009-10-24,1:35,-122.4213958,37.78568434
31425146,2003-12-07,3:03,-122.4336234,37.72623583
110788241,2011-09-30,10:15,-122.4147438,37.77871926
100301198,2010-03-31,15:22,-122.4592124,37.72453296
120792458,2012-10-03,8:35,-122.4198279,37.76667376
50158596,2005-02-09,17:44,-122.4131076,37.76544802
50284953,2005-03-13,22:36,-122.4282086,37.72854411
41343334,2004-11-24,20:35,-122.397082,37.73653481
80650700,2008-06-21,22:23,-122.4119795,37.78090397
90011772,2009-01-04,12:32,-122.4021095,37.72403765
60779320,2006-07-23,15:12,-122.4196718,37.76505012
100901453,2010-09-28,13:04,-122.4077298,37.7931773
80983692,2008-09-16,12:56,-122.479384,37.7803327
31179268,2003-10-07,8:45,-122.4327787,37.77940313
50750158,2005-06-30,15:30,-122.489714,37.73394977
40830378,2004-07-21,11:34,-122.4648401,37.78111964
70987494,2007-09-26,10:28,-122.4154615,37.71063779
100783950,2010-08-26,4:42,-122.482867,37.7848923
110678266,2011-09-04,7:00,-122.4332205,37.77748927
30805159,2003-07-06,16:05,-122.4187842,37.80624076
91056866,2009-10-12,20:30,-122.4003024,37.77779923
80817245,2008-08-03,18:30,-122.4430562,37.71428328
90739065,2009-07-20,17:59,-122.4003704,37.79223597
60563258,2006-05-27,18:10,-122.4170854,37.78521536
130992927,2013-11-23,10:00,-122.4723504,37.7413312
41244033,2004-10-31,1:35,-122.3871744,37.7670706
80716302,2008-07-09,10:37,-122.428389,37.7743372
31419707,2003-12-05,14:00,-122.3863976,37.75932531
90659833,2009-06-28,18:35,-122.4782782,37.72094516
31421871,2003-12-06,0:23,-122.4132977,37.75576479
80220319,2008-03-01,10:55,-122.4205263,37.74472547
60123335,2006-02-02,5:10,-122.4934685,37.72959507
130335327,2013-04-24,13:04,-122.4156327,37.78635878
110044770,2011-01-15,6:07,-122.3956223,37.72243362
60579415,2006-05-26,9:00,-122.4900964,37.7798392
30435596,2003-04-13,22:12,-122.390417,37.73559261
70962399,2007-09-19,8:30,-122.3898559,37.76426012
91179026,2009-11-16,8:21,-122.4330752,37.76419378
70675815,2007-07-02,13:45,-122.4034048,37.77542071
70951659,2007-09-19,18:20,-122.4360483,37.79183991
81287576,2008-12-01,12:30,-122.4522897,37.72569336
60961301,2006-09-08,23:00,-122.4283554,37.76125771
71034741,2007-10-08,22:10,-122.4415594,37.8020498
60879390,2006-08-18,20:20,-122.4065391,37.75648641
61296183,2006-12-05,11:30,-122.4330752,37.76419378
110038115,2011-01-13,1:16,-122.406482,37.78273179
130814133,2013-09-27,6:52,-122.4254239,37.78899458
90644298,2009-06-19,9:00,-122.4522897,37.72569336
60347808,2006-04-01,1:00,-122.4353184,37.76410203
90719722,2009-07-15,10:20,-122.3774055,37.73671263
80595338,2008-06-06,22:55,-122.5084324,37.75282766
110490167,2011-06-18,13:00,-122.3947228,37.7247561
120888295,2012-11-03,5:17,-122.432198,37.76511073
120310674,2012-04-19,16:35,-122.3885594,37.76049292
31469843,2003-12-18,16:36,-122.4347643,37.72261614
60287408,2006-03-14,17:30,-122.4499581,37.76580008
100672080,2010-07-22,0:01,-122.4163897,37.76524912
130234741,2013-03-21,14:05,-122.4654908,37.74067393
91217814,2009-11-28,10:20,-122.4461809,37.73873161
90192065,2009-02-22,1:58,-122.4585984,37.77747966
30371821,2003-03-29,23:05,-122.4229815,37.77688209
71309403,2007-12-26,9:15,-122.4034048,37.77542071
110468443,2011-06-10,15:05,-122.4075383,37.76578275
81175937,2008-11-03,8:39,-122.4206914,37.78148325
110676652,2011-08-23,16:25,-122.3880931,37.73710771
91293472,2009-12-20,6:45,-122.4586802,37.74815547
100115325,2010-02-04,9:29,-122.4034048,37.77542071
40558122,2004-05-15,17:18,-122.431295,37.72872979
70395966,2007-04-18,7:04,-122.3912434,37.7336342
70742884,2007-07-23,12:08,-122.4662047,37.77254054
110760744,2011-09-21,11:00,-122.4639582,37.71424234
60150407,2006-02-08,22:54,-122.4218931,37.77989123
100742611,2010-08-13,18:19,-122.4003875,37.8025736
30650277,2003-05-29,2:21,-122.4804521,37.78027905
40034263,2004-03-12,12:00,-122.4034048,37.77542071
61201455,2006-11-10,14:00,-122.4049044,37.79464788
130654547,2013-08-08,9:20,-122.4066697,37.79786417
70157813,2007-02-13,2:16,-122.4109328,37.76941138
30190518,2003-02-15,10:10,-122.4843245,37.77443434
61294290,2006-12-06,0:01,-122.4034048,37.77542071
71198002,2007-11-22,16:45,-122.4560599,37.71407821
80324206,2008-03-28,2:37,-122.4531899,37.77685245
100171725,2010-02-20,18:01,-122.4113542,37.7864857
70497409,2007-05-16,7:55,-122.4329154,37.71297419
120642057,2012-08-13,13:13,-122.439638,37.75170704
120701744,2012-09-12,10:28,-122.3995003,37.7445903
80120640,2008-02-04,8:10,-122.4522897,37.72569336
130459422,2013-06-04,5:20,-122.3862814,37.73274689
60699916,2006-07-03,8:00,-122.4034048,37.77542071
120673983,2012-08-24,8:15,-122.4416861,37.71547288
30370607,2003-03-29,23:35,-122.4298017,37.73038195
91043625,2009-10-09,7:00,-122.4586802,37.74815547
100086798,2010-01-26,23:42,-122.4662047,37.77254054
130887049,2013-10-19,17:34,-122.4136313,37.78480537
70931203,2007-09-11,13:41,-122.4263828,37.78531003
40671019,2004-06-11,19:55,-122.4113284,37.78599631
71282912,2007-12-15,17:30,-122.4858781,37.74254709
130801958,2013-09-23,14:36,-122.4174486,37.80801225
30043638,2003-01-11,12:20,-122.4353184,37.76410203
71161093,2007-11-12,12:20,-122.4034048,37.77542071
90514221,2009-05-17,18:29,-122.4717623,37.77313706
70873069,2007-08-27,6:46,-122.4315786,37.77770022
91140419,2009-11-05,2:01,-122.4218864,37.76491789
100147685,2010-02-13,21:00,-122.4966346,37.73376906
60535592,2006-05-20,11:45,-122.4242896,37.75510512
60850685,2006-08-11,11:39,-122.4283914,37.73078812
70574853,2007-06-07,0:35,-122.5068648,37.74167139
90458340,2009-04-24,16:30,-122.4456525,37.77596127
31317349,2003-11-09,12:26,-122.389103,37.76690373
100609754,2010-07-02,23:45,-122.4229188,37.75114994
40533497,2004-05-09,18:31,-122.4810033,37.78038213
120683744,2012-09-19,13:03,-122.4055651,37.80661715
70969975,2007-09-21,11:31,-122.407435,37.78751587
130294002,2013-04-11,12:00,-122.4034048,37.77542071
91175529,2009-11-15,1:59,-122.4181632,37.74858895
110178090,2011-03-02,7:30,-122.4032524,37.7134307
50987282,2005-09-01,14:00,-122.4586802,37.74815547
41422035,2004-12-15,18:38,-122.4149989,37.77089466
40185402,2004-02-15,17:31,-122.4308327,37.72278474
40482474,2004-04-27,16:59,-122.4329146,37.78435334
80578005,2008-06-02,13:35,-122.4662058,37.7118177
70233297,2007-03-05,22:44,-122.4483035,37.71867248
90234322,2009-03-05,11:01,-122.4852835,37.78665787
61100073,2006-10-15,3:20,-122.4383857,37.71787062
130445330,2013-05-30,11:00,-122.4712241,37.74138301
71077945,2007-10-20,21:55,-122.4020273,37.73933935
80357768,2008-04-06,2:10,-122.414089,37.75250508
110932125,2011-11-19,3:13,-122.422472,37.71788908
90810574,2009-08-08,22:22,-122.4042232,37.79169023
51266992,2005-11-09,12:04,-122.3967161,37.75485988
110611404,2011-07-31,12:28,-122.4097952,37.78003563
60161175,2006-02-22,14:59,-122.4211424,37.75207441
80002775,2008-01-01,20:27,-122.4424,37.75528544
70510443,2007-05-19,15:30,-122.4459043,37.77299537
40152047,2004-02-07,18:30,-122.4034048,37.77542071
120093585,2012-02-03,1:14,-122.4091296,37.78380666
90548383,2009-05-27,15:43,-122.4065391,37.75648641
60078439,2006-01-21,7:20,-122.3879274,37.74270308
130946071,2013-11-07,17:39,-122.4126203,37.77702593
40008923,2004-01-01,15:40,-122.5056651,37.75669034
120666922,2012-08-21,18:32,-122.4642799,37.7800333
71006392,2007-10-01,6:00,-122.4236195,37.77171572
120758579,2012-09-21,0:01,-122.4677374,37.72832728
80753451,2008-07-17,19:00,-122.5041507,37.77347445
80014617,2008-01-04,23:00,-122.4897384,37.75172738
90669569,2009-07-01,11:55,-122.4215817,37.76170072
100720899,2010-08-07,2:11,-122.4069913,37.76129443
120964328,2012-11-29,13:49,-122.4052989,37.78113286
41197335,2004-10-19,13:30,-122.4235986,37.78827996
150421003,2015-05-14,21:51,-122.4842615,37.74267227
150429740,2015-05-17,15:53,-122.4075383,37.76578275
150844869,2015-09-29,14:41,-122.4143706,37.77404184
160003033,2016-01-03,4:47,-122.418601,37.78026075
150136553,2015-02-14,2:45,-122.4232177,37.7864018
150416509,2015-05-13,15:22,-122.3962703,37.7504525
160015878,2016-01-06,19:20,-122.4747765,37.71951258
150436751,2015-05-19,15:50,-122.3952892,37.73155932
150806621,2015-09-14,10:39,-122.4756443,37.74305055
160049720,2016-01-18,14:13,-122.4195075,37.7763701
150492888,2015-06-05,22:29,-122.4098351,37.79934018
150820966,2015-09-18,21:28,-122.4087106,37.78097067
150830658,2015-09-22,2:30,-122.5028463,37.76147597
150373636,2015-04-29,18:40,-122.407422,37.76448809
150839995,2015-09-24,19:58,-122.4182742,37.7870372
150388629,2015-05-04,20:33,-122.489945,37.78680919
151078623,2015-12-14,10:15,-122.405751,37.72506501
150865514,2015-10-03,1:00,-122.3887421,37.76305011
150574561,2015-07-01,21:11,-122.4034341,37.78764305
150574969,2015-07-01,19:40,-122.4212318,37.7932575
160089243,2016-01-31,2:10,-122.4704664,37.76198688
151123739,2016-03-22,22:40,-122.4581899,37.7236572
151109018,2015-12-24,23:50,-122.4034048,37.77542071
150001097,2015-01-01,6:04,-122.3961004,37.75916737
150772696,2015-09-03,9:30,-122.4522897,37.72569336
141067175,2015-01-08,16:00,-122.4155605,37.790254
150124871,2015-02-10,9:26,-122.4484704,37.78704749
151111881,2015-12-24,20:00,-122.4533269,37.76776786
151113655,2015-12-27,8:01,-122.4163057,37.77245564
150592836,2015-07-07,22:38,-122.5102257,37.76724422
150624815,2015-07-18,11:53,-122.4300075,37.74344199
151034299,2015-11-28,18:26,-122.4236373,37.76486667
151043397,2015-12-01,21:30,-122.4187705,37.71073321
160435389,2016-05-28,1:18,-122.4665582,37.78376764
150901384,2015-10-15,0:20,-122.481181,37.74467994
150597717,2015-07-09,14:43,-122.5028739,37.74650918
150688833,2015-08-07,23:32,-122.4310874,37.77101282
150694573,2015-08-09,23:21,-122.4790048,37.7597369
150615767,2015-07-14,10:20,-122.4858858,37.74265678
150198666,2015-03-05,5:22,-122.4009838,37.77480785
150641201,2015-07-23,16:30,-122.4128266,37.77281156
150660342,2015-08-03,16:49,-122.388854,37.76432288
160436042,2016-05-28,9:30,-122.4035919,37.80541292
150310365,2015-04-09,14:49,-122.3931742,37.72203623
160442566,2016-05-30,17:49,-122.3918456,37.77812478
160469247,2016-06-09,10:48,-122.4230312,37.78548187
160469297,2016-06-09,10:43,-122.4003024,37.77779923
150707728,2015-08-13,21:47,-122.4100599,37.78808253
160507449,2016-06-22,20:20,-122.4093916,37.7779765
160518258,2016-06-26,15:17,-122.3934133,37.79061172
150780473,2015-09-05,17:50,-122.4168291,37.7881787
160133373,2016-02-14,15:35,-122.4236584,37.80528509
160143601,2016-02-17,21:50,-122.4712404,37.77316227
150289867,2015-04-02,17:36,-122.4008907,37.79813472
160167792,2016-02-26,8:55,-122.4069108,37.73796662
150833969,2015-09-22,23:09,-122.3963054,37.7932572
160181576,2016-03-02,9:46,-122.4475961,37.71068862
160204673,2016-03-10,12:28,-122.495225,37.75341185
160206942,2016-05-19,12:00,-122.4129305,37.78383444
160210959,2016-03-12,18:20,-122.3978166,37.78466807
160214280,2016-03-18,14:15,-122.490401,37.75362528
160217347,2016-03-15,7:43,-122.461806,37.72872012
160223184,2016-03-17,11:27,-122.4196718,37.76505012
160225726,2016-03-17,21:40,-122.409017,37.79948807
160236165,2016-03-21,15:44,-122.4541766,37.78159928
160238412,2016-03-22,8:38,-122.4222154,37.78552781
160269536,2016-04-12,9:00,-122.4299905,37.79489446
160279723,2016-04-05,10:22,-122.4034048,37.77542071
160146564,2016-02-25,9:00,-122.4652363,37.73968377
160307465,2016-04-14,16:15,-122.4634414,37.71523603
150687255,2015-08-07,15:23,-122.4036529,37.76535366
160311541,2016-04-16,0:21,-122.4940324,37.74503058
160314200,2016-04-17,5:08,-122.4116741,37.71875429
160325611,2016-04-20,20:35,-122.4177913,37.76758565
160335262,2016-04-24,0:49,-122.4130564,37.78764531
160337553,2016-04-24,23:20,-122.4084074,37.79914233
150709116,2015-08-14,11:15,-122.4400645,37.78617798
160358349,2016-05-02,8:45,-122.4183827,37.80597809
160373676,2016-05-07,0:45,-122.4241476,37.73987021
160383766,2016-05-10,19:15,-122.4028427,37.77982942
160384281,2016-05-10,22:25,-122.471721,37.71402282
160410228,2016-05-19,15:48,-122.4034048,37.77542071
150792810,2015-09-09,19:28,-122.4654299,37.74077259
160426071,2016-05-24,14:44,-122.4251897,37.77940957
160429570,2016-05-26,2:48,-122.4145447,37.7572993
160434193,2016-05-25,21:00,-122.4124369,37.78348575
160534715,2016-07-07,9:30,-122.4748992,37.72699053
160539793,2016-07-03,22:26,-122.4729187,37.73285558
160542774,2016-07-05,9:32,-122.4125153,37.78047775
160555783,2016-07-09,21:14,-122.4193818,37.79214836
160573008,2016-07-16,0:16,-122.4366406,37.71355029
160584174,2016-07-20,5:07,-122.4069795,37.73956696
150493513,2015-06-06,2:43,-122.4922809,37.75071652
160605855,2016-07-27,17:20,-122.4276947,37.74082362
160648009,2016-08-11,15:25,-122.4040716,37.77727419
160650402,2016-08-12,10:45,-122.4179993,37.78564075
150979892,2015-11-10,8:18,-122.4012056,37.76035513
151006696,2015-11-19,7:15,-122.474491,37.7348004
160682643,2016-08-23,15:18,-122.4003161,37.79009963
160685647,2016-08-24,13:01,-122.3913074,37.72097569
160686485,2016-08-24,15:48,-122.4489489,37.71388568
160708562,2016-09-01,0:01,-122.4193484,37.70994916
150210367,2015-03-09,2:12,-122.4563321,37.74163394
160710896,2016-09-02,0:30,-122.4679946,37.71426673
160719199,2016-09-04,23:05,-122.4149388,37.79038876
151110087,2015-12-25,15:16,-122.3940647,37.79253782
150215981,2016-03-10,17:12,-122.4052483,37.75440475
150523273,2015-06-22,16:00,-122.3895176,37.77246824
169001751,2016-02-12,4:40,-122.4034048,37.77542071
151015910,2015-11-22,1:40,-122.4181373,37.74904131
150643229,2015-07-30,14:00,-122.475102,37.73462371
150878783,2015-10-22,18:22,-122.4602905,37.72094512
151105743,2015-12-23,17:20,-122.4247333,37.80227892
160389344,2016-05-13,18:00,-122.3998021,37.78800653
150728906,2015-08-20,19:09,-122.4640504,37.7399645
150827116,2015-09-20,19:15,-122.4586802,37.74815547
160615321,2016-07-31,2:19,-122.4274003,37.78205655
160383829,2016-05-10,19:17,-122.4034048,37.77542071
160100883,2016-02-03,18:28,-122.4188096,37.78123526
150889263,2015-10-11,0:44,-122.4662047,37.77254054
160231422,2016-03-19,17:55,-122.4034048,37.77542071
150959361,2015-10-03,5:39,-122.4166424,37.78724504
150969570,2015-11-06,13:00,-122.405619,37.77850452
150985037,2015-11-12,0:12,-122.4944403,37.74222297
150989960,2015-11-13,14:54,-122.4034048,37.77542071
160263500,2016-03-30,16:00,-122.4022101,37.72810422
150646762,2015-07-25,11:10,-122.4741027,37.7431745
150750761,2015-08-27,19:47,-122.4131076,37.76544802